Algorithm,Seed,Episode,EpisodeHotelRevenue,EpisodeOTAProfit,EpisodeSystemProfit,EpisodeRevenue
PPO,1,1,4729008.0,212804.51206005042,4941812.512060051,4729008.0
PPO,1,2,4706432.0,211600.3659529262,4918032.365952926,4706432.0
PPO,1,3,4740016.0,213007.69782530924,4953023.697825309,4740016.0
PPO,1,4,4753328.0,210529.74386734216,4963857.743867342,4753328.0
PPO,1,5,4734496.0,211586.00550627394,4946082.005506274,4734496.0
PPO,1,6,4741872.0,210762.06216661676,4952634.062166616,4741872.0
PPO,1,7,4746576.0,207329.29736297842,4953905.297362979,4746576.0
PPO,1,8,4756848.0,211055.39575283203,4967903.395752832,4756848.0
PPO,1,9,4731216.0,212394.00840910999,4943610.00840911,4731216.0
PPO,1,10,4733584.0,208499.54373103488,4942083.543731035,4733584.0
PPO,1,11,4743312.0,208930.80503944997,4952242.80503945,4743312.0
PPO,1,12,4736896.0,210552.40334741567,4947448.403347416,4736896.0
PPO,1,13,4745328.0,211679.64268928755,4957007.642689288,4745328.0
PPO,1,14,4738960.0,210396.3102913518,4949356.310291352,4738960.0
PPO,1,15,4728384.0,213919.70869998317,4942303.708699984,4728384.0
PPO,1,16,4750160.0,215411.98666045867,4965571.986660459,4750160.0
PPO,1,17,4717904.0,213497.1131528377,4931401.113152837,4717904.0
PPO,1,18,4733392.0,211543.23799871342,4944935.237998714,4733392.0
PPO,1,19,4747200.0,213118.6309404035,4960318.630940404,4747200.0
PPO,1,20,4726000.0,213269.6828541056,4939269.682854106,4726000.0
PPO,1,21,4737248.0,214733.6570970964,4951981.657097097,4737248.0
PPO,1,22,4720848.0,212283.8961406635,4933131.896140664,4720848.0
PPO,1,23,4730288.0,210838.67251943093,4941126.6725194305,4730288.0
PPO,1,24,4745520.0,210750.85560735906,4956270.855607359,4745520.0
PPO,1,25,4742928.0,209589.0078280918,4952517.007828092,4742928.0
PPO,1,26,4726976.0,212415.86637453464,4939391.866374535,4726976.0
PPO,1,27,4710720.0,210068.1186138992,4920788.118613899,4710720.0
PPO,1,28,4746128.0,211575.11661075155,4957703.1166107515,4746128.0
PPO,1,29,4742400.0,210147.46556830054,4952547.4655683,4742400.0
PPO,1,30,4749808.0,212646.47175971128,4962454.471759711,4749808.0
PPO,1,31,4746576.0,212119.2983531354,4958695.298353136,4746576.0
PPO,1,32,4728864.0,210040.38290713402,4938904.382907134,4728864.0
PPO,1,33,4736336.0,210544.8688047873,4946880.868804787,4736336.0
PPO,1,34,4720384.0,210738.67823308302,4931122.678233083,4720384.0
PPO,1,35,4722480.0,212197.51033192608,4934677.510331926,4722480.0
PPO,1,36,4740288.0,210705.81927020222,4950993.819270202,4740288.0
PPO,1,37,4744096.0,213924.55079271947,4958020.550792719,4744096.0
PPO,1,38,4746832.0,210936.06500775408,4957768.065007754,4746832.0
PPO,1,39,4747424.0,212940.82758230405,4960364.827582304,4747424.0
PPO,1,40,4732736.0,210331.53931447866,4943067.539314479,4732736.0
PPO,1,41,4722816.0,210430.44054937465,4933246.440549375,4722816.0
PPO,1,42,4743552.0,212683.1596002615,4956235.159600262,4743552.0
PPO,1,43,4729552.0,209208.5818839287,4938760.581883929,4729552.0
PPO,1,44,4727760.0,213580.0184594934,4941340.018459493,4727760.0
PPO,1,45,4729008.0,211125.5954553205,4940133.595455321,4729008.0
PPO,1,46,4730640.0,211149.99815618785,4941789.998156188,4730640.0
PPO,1,47,4728064.0,210433.20977514287,4938497.209775143,4728064.0
PPO,1,48,4742832.0,210896.18883962056,4953728.188839621,4742832.0
PPO,1,49,4743152.0,210327.8860862259,4953479.8860862255,4743152.0
PPO,1,50,4725024.0,210253.6511916325,4935277.651191632,4725024.0
PPO,1,51,4744464.0,209756.0934193853,4954220.093419385,4744464.0
PPO,1,52,4734560.0,211684.85317503122,4946244.853175031,4734560.0
PPO,1,53,4744160.0,210845.6512544918,4955005.651254492,4744160.0
PPO,1,54,4729328.0,210706.52628492398,4940034.526284924,4729328.0
PPO,1,55,4739600.0,209692.54851778934,4949292.54851779,4739600.0
PPO,1,56,4751152.0,213309.03268227287,4964461.032682273,4751152.0
PPO,1,57,4744496.0,210578.60057181722,4955074.600571817,4744496.0
PPO,1,58,4737232.0,211645.82489512966,4948877.82489513,4737232.0
PPO,1,59,4734816.0,211966.49949279704,4946782.499492797,4734816.0
PPO,1,60,4749872.0,210966.6796436182,4960838.679643618,4749872.0
PPO,1,61,4743168.0,211421.11113167412,4954589.111131674,4743168.0
PPO,1,62,4745808.0,211340.10188349875,4957148.101883499,4745808.0
PPO,1,63,4758736.0,211871.49244488555,4970607.492444886,4758736.0
PPO,1,64,4742368.0,210425.6113625657,4952793.611362565,4742368.0
PPO,1,65,4732064.0,207767.9271502278,4939831.927150228,4732064.0
PPO,1,66,4716592.0,211645.8125903387,4928237.812590338,4716592.0
PPO,1,67,4738576.0,211169.36400406953,4949745.36400407,4738576.0
PPO,1,68,4766240.0,213934.6493530838,4980174.649353084,4766240.0
PPO,1,69,4716784.0,212355.84245170385,4929139.842451704,4716784.0
PPO,1,70,4728736.0,214082.89298202132,4942818.892982021,4728736.0
PPO,1,71,4728176.0,211332.13960767136,4939508.139607672,4728176.0
PPO,1,72,4707232.0,210408.1491993778,4917640.149199378,4707232.0
PPO,1,73,4745104.0,210497.94766038927,4955601.947660389,4745104.0
PPO,1,74,4738752.0,211349.90031419927,4950101.900314199,4738752.0
PPO,1,75,4750352.0,211866.57458365668,4962218.574583657,4750352.0
PPO,1,76,4747536.0,210708.1335582419,4958244.133558242,4747536.0
PPO,1,77,4759760.0,212720.4326641661,4972480.432664166,4759760.0
PPO,1,78,4733024.0,210822.73012286532,4943846.730122865,4733024.0
PPO,1,79,4763472.0,211771.26024055437,4975243.260240555,4763472.0
PPO,1,80,4742512.0,211465.101428735,4953977.101428735,4742512.0
PPO,1,81,4733888.0,210978.73489767718,4944866.734897677,4733888.0
PPO,1,82,4758096.0,214200.87874662867,4972296.878746629,4758096.0
PPO,1,83,4741520.0,214398.3098502004,4955918.3098502,4741520.0
PPO,1,84,4734640.0,211888.4854342735,4946528.485434273,4734640.0
PPO,1,85,4750352.0,213491.4183411893,4963843.41834119,4750352.0
PPO,1,86,4721264.0,208875.83975863573,4930139.8397586355,4721264.0
PPO,1,87,4743248.0,207885.77144722585,4951133.7714472255,4743248.0
PPO,1,88,4737984.0,211367.5056817331,4949351.505681733,4737984.0
PPO,1,89,4732432.0,211415.73442712327,4943847.734427123,4732432.0
PPO,1,90,4738976.0,212340.59515502138,4951316.595155021,4738976.0
PPO,1,91,4730064.0,212904.23457128694,4942968.234571287,4730064.0
PPO,1,92,4724656.0,211342.85935832214,4935998.859358322,4724656.0
PPO,1,93,4739424.0,210424.0792187972,4949848.079218797,4739424.0
PPO,1,94,4723776.0,210807.42903302808,4934583.429033028,4723776.0
PPO,1,95,4740512.0,210311.7833511301,4950823.78335113,4740512.0
PPO,1,96,4717264.0,210732.8620178254,4927996.862017825,4717264.0
PPO,1,97,4720912.0,210197.74592162867,4931109.745921629,4720912.0
PPO,1,98,4748448.0,210350.40637226196,4958798.406372262,4748448.0
PPO,1,99,4752400.0,209598.03782015204,4961998.037820152,4752400.0
PPO,1,100,4729488.0,213557.56277085718,4943045.5627708575,4729488.0
PPO,1,101,4756608.0,208517.65528463863,4965125.6552846385,4756608.0
PPO,1,102,4724368.0,209878.87802749348,4934246.878027493,4724368.0
PPO,1,103,4740960.0,211538.11738094044,4952498.11738094,4740960.0
PPO,1,104,4730208.0,210870.10252916996,4941078.10252917,4730208.0
PPO,1,105,4729296.0,212084.1827737209,4941380.1827737205,4729296.0
PPO,1,106,4744544.0,210313.57447350398,4954857.574473504,4744544.0
PPO,1,107,4731824.0,211354.2114391974,4943178.211439197,4731824.0
PPO,1,108,4745280.0,212482.4511851163,4957762.451185117,4745280.0
PPO,1,109,4734464.0,212100.7713173548,4946564.771317354,4734464.0
PPO,1,110,4726704.0,211357.54994898316,4938061.549948983,4726704.0
PPO,1,111,4722224.0,211628.56941984114,4933852.569419841,4722224.0
PPO,1,112,4741520.0,210523.2387860737,4952043.238786073,4741520.0
PPO,1,113,4733488.0,211444.25837006787,4944932.258370068,4733488.0
PPO,1,114,4746320.0,210339.38735021246,4956659.387350213,4746320.0
PPO,1,115,4727696.0,208820.92342564766,4936516.923425647,4727696.0
PPO,1,116,4729776.0,209080.62547571084,4938856.625475711,4729776.0
PPO,1,117,4728816.0,208848.60377690353,4937664.603776904,4728816.0
PPO,1,118,4743088.0,210687.29582403065,4953775.29582403,4743088.0
PPO,1,119,4741680.0,212676.1562481394,4954356.156248139,4741680.0
PPO,1,120,4751056.0,211466.3301902383,4962522.330190239,4751056.0
PPO,1,121,4730480.0,209497.34636550987,4939977.34636551,4730480.0
PPO,1,122,4739136.0,211250.93341347357,4950386.933413474,4739136.0
PPO,1,123,4755296.0,212707.7576438812,4968003.757643881,4755296.0
PPO,1,124,4723824.0,212467.1107030968,4936291.110703097,4723824.0
PPO,1,125,4708960.0,210066.37413780822,4919026.374137809,4708960.0
PPO,1,126,4719200.0,211946.069588329,4931146.069588329,4719200.0
PPO,1,127,4736064.0,209327.02574867517,4945391.025748675,4736064.0
PPO,1,128,4736992.0,211848.39405331705,4948840.394053317,4736992.0
PPO,1,129,4726816.0,210555.57351572454,4937371.573515724,4726816.0
PPO,1,130,4738176.0,212286.15738369452,4950462.157383694,4738176.0
PPO,1,131,4756640.0,211277.35540566695,4967917.355405667,4756640.0
PPO,1,132,4749728.0,211875.22361481786,4961603.2236148175,4749728.0
PPO,1,133,4714736.0,212191.24132896317,4926927.241328963,4714736.0
PPO,1,134,4752528.0,212229.98554633456,4964757.985546335,4752528.0
PPO,1,135,4748768.0,210608.50330985087,4959376.503309851,4748768.0
PPO,1,136,4738272.0,211216.45397704287,4949488.453977043,4738272.0
PPO,1,137,4744000.0,210975.7995056916,4954975.799505692,4744000.0
PPO,1,138,4740240.0,213254.4719314351,4953494.471931435,4740240.0
PPO,1,139,4733072.0,209505.1360875064,4942577.136087506,4733072.0
PPO,1,140,4737760.0,212037.21399793195,4949797.213997932,4737760.0
PPO,1,141,4733680.0,212622.3439571089,4946302.343957109,4733680.0
PPO,1,142,4738816.0,213151.45632312968,4951967.45632313,4738816.0
PPO,1,143,4735760.0,212776.08295346593,4948536.082953466,4735760.0
PPO,1,144,4728048.0,210566.99741178702,4938614.997411787,4728048.0
PPO,1,145,4740048.0,209263.97718228697,4949311.977182287,4740048.0
PPO,1,146,4740512.0,211391.85017938336,4951903.8501793835,4740512.0
PPO,1,147,4745696.0,212790.97739078346,4958486.977390784,4745696.0
PPO,1,148,4750176.0,212509.78534940872,4962685.785349409,4750176.0
PPO,1,149,4702176.0,210739.8922973391,4912915.892297339,4702176.0
PPO,1,150,4758560.0,211122.96949975126,4969682.969499751,4758560.0
